"Дата","Цена","Откр.","Макс.","Мин.","Объём","Изм. %"
"29.12.2017","225,20","224,12","226,20","223,27","18,92M","0,45%"
"28.12.2017","224,20","226,90","227,17","223,00","24,08M","-1,22%"
"27.12.2017","226,98","224,01","227,20","223,10","30,10M","1,53%"
"26.12.2017","223,57","223,90","223,98","221,00","12,30M","0,12%"
"25.12.2017","223,30","222,22","223,90","221,65","11,18M","0,84%"
"22.12.2017","221,44","223,68","224,64","221,12","21,52M","-0,97%"
"21.12.2017","223,60","226,46","227,39","222,35","34,75M","-1,06%"
"20.12.2017","226,00","224,28","226,68","222,70","34,20M","0,85%"
"19.12.2017","224,10","227,99","228,50","223,50","34,99M","-1,45%"
"18.12.2017","227,40","227,49","228,90","225,70","24,52M","0,38%"
"15.12.2017","226,53","228,90","229,79","225,57","42,53M","-1,47%"
"14.12.2017","229,90","222,11","229,90","221,10","55,63M","3,65%"
"13.12.2017","221,80","227,30","228,33","220,54","61,58M","-2,68%"
"12.12.2017","227,90","229,00","230,50","226,11","39,74M","0,09%"
"11.12.2017","227,69","221,40","227,69","221,10","34,54M","3,08%"
"08.12.2017","220,89","219,90","223,00","219,61","28,32M","0,49%"
"07.12.2017","219,81","223,83","224,79","219,23","38,23M","-1,76%"
"06.12.2017","223,75","222,65","224,90","221,57","23,14M","-0,07%"
"05.12.2017","223,91","224,00","224,55","222,00","27,89M","-0,31%"
"04.12.2017","224,60","222,00","226,00","219,55","45,16M","1,40%"
"01.12.2017","221,50","224,50","225,76","220,76","39,98M","-1,27%"
"30.11.2017","224,35","228,00","228,92","222,35","46,12M","-1,69%"
"29.11.2017","228,20","230,10","231,50","226,70","34,34M","-0,78%"
"28.11.2017","230,00","221,00","230,00","221,00","40,90M","1,43%"
"27.11.2017","226,76","228,40","229,04","225,00","24,03M","-0,54%"
"24.11.2017","228,00","225,40","228,00","222,15","44,28M","1,08%"
"23.11.2017","225,56","230,26","230,99","225,06","41,14M","-2,04%"
"22.11.2017","230,25","231,89","233,95","228,38","45,93M","-0,32%"
"21.11.2017","231,00","225,50","232,99","224,07","77,57M","2,85%"
"20.11.2017","224,60","225,70","225,97","223,16","18,85M","-0,47%"
"17.11.2017","225,65","227,90","228,00","224,10","37,96M","-0,81%"
"16.11.2017","227,50","227,79","228,58","219,09","85,86M","0,69%"
"15.11.2017","225,95","222,50","227,75","221,54","72,21M","2,06%"
"14.11.2017","221,40","216,50","222,20","215,96","45,91M","2,21%"
"13.11.2017","216,61","217,70","223,99","215,78","50,94M","-0,50%"
"10.11.2017","217,70","221,00","229,40","216,61","143,57M","-1,07%"
"09.11.2017","220,05","209,51","221,50","209,12","116,65M","5,24%"
"08.11.2017","209,09","205,95","211,77","204,06","88,29M","1,52%"
"07.11.2017","205,96","196,50","206,70","195,56","135,17M","6,27%"
"03.11.2017","193,80","194,77","195,75","193,20","30,62M","-0,03%"
"02.11.2017","193,85","193,78","195,12","192,38","33,75M","-0,10%"
"01.11.2017","194,05","194,49","197,05","193,33","40,29M","0,13%"
"31.10.2017","193,80","194,81","196,36","193,80","25,64M","-0,62%"
"30.10.2017","195,00","196,32","197,70","195,00","31,94M","-0,54%"
"27.10.2017","196,05","193,53","196,18","192,87","46,80M","1,71%"
"26.10.2017","192,75","192,65","193,50","190,72","25,63M","0,37%"
"25.10.2017","192,04","193,00","194,37","192,04","32,30M","-0,24%"
"24.10.2017","192,50","191,64","192,92","190,13","28,26M","0,08%"
"23.10.2017","192,34","193,41","193,64","190,82","26,95M","-0,33%"
"20.10.2017","192,97","193,60","194,14","192,23","29,00M","0,40%"
"19.10.2017","192,20","195,26","195,69","191,81","40,36M","-1,59%"
"18.10.2017","195,31","197,50","197,89","194,01","43,55M","-0,96%"
"17.10.2017","197,20","197,30","198,00","196,07","26,24M","-0,25%"
"16.10.2017","197,70","197,53","198,52","196,70","26,98M","0,62%"
"13.10.2017","196,48","195,62","197,29","195,20","30,34M","0,50%"
"12.10.2017","195,51","195,85","196,75","194,95","34,97M","-0,16%"
"11.10.2017","195,83","193,95","196,75","193,56","58,00M","1,36%"
"10.10.2017","193,21","194,30","194,45","192,95","17,83M","-0,41%"
"09.10.2017","194,00","194,20","194,90","192,58","27,76M","-0,08%"
"06.10.2017","194,16","194,30","196,42","193,67","52,40M","0,22%"
"05.10.2017","193,74","192,00","193,93","189,06","49,47M","0,89%"
"04.10.2017","192,03","192,49","192,59","191,22","26,54M","-0,24%"
"03.10.2017","192,50","193,28","193,87","192,13","28,66M","-0,26%"
"02.10.2017","193,00","192,76","194,10","191,10","35,95M","0,35%"
"29.09.2017","192,33","192,00","192,94","190,80","26,33M","0,19%"
"28.09.2017","191,96","193,68","194,30","191,53","39,11M","-0,90%"
"27.09.2017","193,70","192,94","194,29","191,20","55,03M","0,60%"
"26.09.2017","192,54","191,56","195,00","191,54","82,08M","0,70%"
"25.09.2017","191,20","187,37","191,38","186,37","64,18M","1,95%"
"22.09.2017","187,55","187,35","188,77","186,77","37,31M","0,09%"
"21.09.2017","187,38","186,40","188,37","183,80","41,62M","0,49%"
"20.09.2017","186,47","184,50","186,47","182,65","50,03M","0,88%"
"19.09.2017","184,85","187,68","187,72","184,55","41,40M","-1,70%"
"18.09.2017","188,04","189,56","190,37","187,31","29,58M","-0,38%"
"15.09.2017","188,75","188,73","189,30","186,72","44,78M","0,06%"
"14.09.2017","188,64","189,00","189,39","186,00","38,05M","-0,24%"
"13.09.2017","189,10","189,32","190,95","188,40","47,81M","-0,12%"
"12.09.2017","189,32","191,03","192,31","188,14","50,54M","-0,62%"
"11.09.2017","190,50","186,70","191,30","186,51","61,68M","2,48%"
"08.09.2017","185,89","184,10","187,43","183,77","60,69M","1,03%"
"07.09.2017","184,00","183,47","185,25","183,32","45,67M","0,48%"
"06.09.2017","183,12","183,25","183,73","181,47","33,52M","-0,55%"
"05.09.2017","184,14","184,39","185,59","183,33","34,34M","0,02%"
"04.09.2017","184,10","181,51","185,27","180,93","25,72M","0,24%"
"01.09.2017","183,66","183,85","185,33","182,02","34,36M","0,08%"
"31.08.2017","183,51","182,99","186,33","181,71","64,27M","0,01%"
"30.08.2017","183,50","182,50","184,48","180,85","48,55M","0,89%"
"29.08.2017","181,89","182,00","182,00","179,51","46,13M","0,02%"
"28.08.2017","181,85","180,60","181,85","179,20","27,96M","0,74%"
"25.08.2017","180,51","180,85","182,25","179,60","68,79M","0,39%"
"24.08.2017","179,80","175,50","179,94","175,30","78,59M","2,57%"
"23.08.2017","175,30","171,00","175,30","170,98","55,47M","2,51%"
"22.08.2017","171,00","171,20","171,70","169,70","37,86M","0,65%"
"21.08.2017","169,90","169,77","170,69","168,50","36,73M","0,24%"
"18.08.2017","169,50","171,71","171,71","168,13","52,38M","-1,86%"
"17.08.2017","172,72","172,50","173,99","172,27","26,05M","-0,19%"
"16.08.2017","173,05","172,95","175,30","172,83","41,84M","0,42%"
"15.08.2017","172,33","172,31","172,72","170,46","30,38M","-0,10%"
"14.08.2017","172,51","173,00","173,77","171,37","30,90M","0,27%"
"11.08.2017","172,05","171,26","172,49","168,64","60,81M","-0,09%"
"10.08.2017","172,20","173,75","174,16","172,01","30,02M","-0,69%"
"09.08.2017","173,40","174,80","175,20","172,80","49,02M","-1,34%"
"08.08.2017","175,75","173,00","175,88","172,66","50,53M","1,71%"
"07.08.2017","172,79","170,47","172,95","170,38","35,53M","1,80%"
"04.08.2017","169,73","169,49","170,00","168,60","27,20M","-0,16%"
"03.08.2017","170,00","170,00","170,98","169,17","56,32M","0,06%"
"02.08.2017","169,90","166,60","169,94","166,54","55,34M","2,16%"
"01.08.2017","166,31","165,50","168,00","165,30","55,36M","1,08%"
"31.07.2017","164,53","165,53","167,35","163,88","55,78M","-0,53%"
"28.07.2017","165,40","165,37","165,75","163,15","50,13M","-0,36%"
"27.07.2017","166,00","162,41","166,00","162,40","55,35M","2,75%"
"26.07.2017","161,55","160,71","162,31","160,12","42,61M","0,83%"
"25.07.2017","160,22","161,66","162,30","159,92","43,21M","-0,69%"
"24.07.2017","161,33","161,21","162,33","158,60","57,50M","-0,48%"
"21.07.2017","162,10","163,99","163,99","161,72","35,02M","-1,12%"
"20.07.2017","163,93","164,06","164,91","163,47","41,94M","-0,25%"
"19.07.2017","164,34","161,30","164,34","160,53","56,47M","1,63%"
"18.07.2017","161,70","162,00","162,99","160,88","36,47M","-0,17%"
"17.07.2017","161,98","161,80","163,10","159,82","40,22M","0,36%"
"14.07.2017","161,40","159,90","162,26","159,43","43,60M","0,91%"
"13.07.2017","159,94","161,46","162,62","158,34","71,82M","-0,57%"
"12.07.2017","160,85","157,53","160,99","157,50","70,43M","2,51%"
"11.07.2017","156,91","155,55","157,00","154,95","57,22M","1,23%"
"10.07.2017","155,00","152,48","155,34","152,36","63,63M","1,87%"
"07.07.2017","152,16","149,65","152,50","149,06","57,15M","1,20%"
"06.07.2017","150,35","149,20","151,03","148,90","51,57M","0,93%"
"05.07.2017","148,96","149,39","149,79","147,89","48,19M","-0,29%"
"04.07.2017","149,39","147,50","149,80","147,11","40,17M","1,28%"
"03.07.2017","147,50","146,65","148,30","146,22","38,41M","1,31%"
"30.06.2017","145,59","143,20","146,73","142,88","67,21M","1,24%"
"29.06.2017","143,80","146,51","146,83","143,20","48,81M","-1,17%"
"28.06.2017","145,50","146,20","146,45","144,71","45,98M","-1,09%"
"27.06.2017","147,10","144,05","147,20","143,40","51,07M","1,81%"
"26.06.2017","144,49","144,85","146,49","143,81","46,19M","0,27%"
"23.06.2017","144,10","144,40","146,00","143,62","42,33M","-0,10%"
"22.06.2017","144,25","142,39","145,69","141,78","54,36M","0,53%"
"21.06.2017","143,49","144,16","144,99","142,77","48,04M","-0,97%"
"20.06.2017","144,90","145,20","147,10","143,50","58,99M","-0,07%"
"19.06.2017","145,00","142,50","145,15","141,80","55,25M","2,38%"
"16.06.2017","141,63","139,65","142,80","139,02","79,69M","1,89%"
"15.06.2017","139,00","141,94","142,21","136,20","183,33M","-2,80%"
"14.06.2017","143,00","145,65","145,65","142,81","58,23M","-2,05%"
"13.06.2017","146,00","145,35","147,30","145,00","53,39M","-2,75%"
"09.06.2017","150,13","151,41","153,75","150,12","45,31M","-1,18%"
"08.06.2017","151,93","153,16","153,43","148,25","67,99M","-0,58%"
"07.06.2017","152,82","153,30","155,11","151,75","43,66M","0,01%"
"06.06.2017","152,80","154,49","156,00","152,11","34,67M","-1,23%"
"05.06.2017","154,70","157,10","158,89","154,43","48,60M","-1,55%"
"02.06.2017","157,14","153,00","157,14","151,62","65,42M","2,71%"
"01.06.2017","153,00","156,40","156,76","152,72","50,59M","-1,88%"
"31.05.2017","155,93","161,60","161,60","155,03","74,37M","-3,53%"
"30.05.2017","161,64","163,15","163,45","161,17","22,67M","-1,38%"
"29.05.2017","163,90","161,00","164,22","160,69","28,74M","1,99%"
"26.05.2017","160,70","163,80","163,80","160,62","46,06M","-2,04%"
"25.05.2017","164,05","166,50","166,95","163,53","34,37M","-1,00%"
"24.05.2017","165,70","166,80","168,48","162,51","46,89M","-0,37%"
"23.05.2017","166,31","167,87","168,30","165,40","39,50M","-1,02%"
"22.05.2017","168,03","170,50","170,50","167,14","29,68M","-0,50%"
"19.05.2017","168,87","167,48","170,08","165,71","36,55M","1,42%"
"18.05.2017","166,50","168,41","169,17","164,70","57,48M","-1,62%"
"17.05.2017","169,24","169,80","170,63","168,17","35,22M","-0,83%"
"16.05.2017","170,66","170,97","172,00","169,98","37,21M","-0,40%"
"15.05.2017","171,35","168,50","171,68","167,89","47,10M","2,18%"
"12.05.2017","167,70","169,75","170,43","166,85","37,36M","-1,34%"
"11.05.2017","169,97","171,00","172,39","168,84","56,59M","-0,49%"
"10.05.2017","170,80","167,00","170,80","166,41","46,47M","3,02%"
"05.05.2017","165,80","164,22","166,60","164,00","35,50M","0,18%"
"04.05.2017","165,50","164,62","167,40","163,78","37,62M","0,48%"
"03.05.2017","164,71","166,30","166,50","163,63","33,57M","-1,16%"
"02.05.2017","166,64","166,00","168,34","165,01","42,50M","0,87%"
"28.04.2017","165,20","165,50","166,00","163,91","41,00M","0,31%"
"27.04.2017","164,69","164,99","165,79","163,27","43,71M","-0,22%"
"26.04.2017","165,05","163,08","165,80","161,70","49,26M","1,54%"
"25.04.2017","162,55","163,00","163,53","161,31","40,53M","0,03%"
"24.04.2017","162,50","161,09","163,43","161,00","48,02M","1,82%"
"21.04.2017","159,59","158,74","160,30","157,80","57,19M","0,87%"
"20.04.2017","158,21","153,00","158,40","152,26","64,13M","3,00%"
"19.04.2017","153,60","153,18","155,38","152,36","38,96M","0,13%"
"18.04.2017","153,40","154,44","155,59","152,15","60,88M","-0,38%"
"17.04.2017","153,99","149,44","154,20","147,62","48,42M","3,18%"
"14.04.2017","149,24","150,42","152,25","148,60","25,09M","-1,82%"
"13.04.2017","152,00","151,57","153,35","149,70","70,01M","1,14%"
"12.04.2017","150,28","157,00","157,44","150,28","53,28M","-3,67%"
"11.04.2017","156,00","155,20","158,59","154,61","53,34M","0,52%"
"10.04.2017","155,20","161,00","161,39","154,51","73,72M","-3,89%"
"07.04.2017","161,49","166,12","166,84","160,71","59,74M","-3,58%"
"06.04.2017","167,49","167,54","168,19","166,41","24,42M","-0,36%"
"05.04.2017","168,10","164,33","168,45","163,82","57,75M","2,81%"
"04.04.2017","163,50","161,37","163,95","160,70","23,33M","1,05%"
"03.04.2017","161,80","160,77","162,94","159,84","32,73M","1,25%"
"31.03.2017","159,80","163,40","163,70","159,51","31,64M","-2,26%"
"30.03.2017","163,50","163,32","164,10","161,90","24,41M","0,17%"
"29.03.2017","163,22","164,00","164,90","162,37","26,16M","-0,27%"
"28.03.2017","163,66","163,50","164,10","162,05","30,49M","0,60%"
"27.03.2017","162,69","163,03","163,37","161,10","35,42M","-1,11%"
"24.03.2017","164,52","164,00","165,90","163,07","33,04M","0,23%"
"23.03.2017","164,15","163,50","164,84","162,10","38,72M","0,75%"
"22.03.2017","162,92","162,01","162,92","159,75","40,88M","-0,04%"
"21.03.2017","162,98","164,50","165,49","162,25","39,83M","-0,50%"
"20.03.2017","163,80","161,57","164,05","160,61","41,50M","1,64%"
"17.03.2017","161,15","158,55","162,85","158,17","65,47M","1,77%"
"16.03.2017","158,35","157,82","159,85","157,82","68,32M","1,38%"
"15.03.2017","156,20","158,05","159,67","156,06","48,86M","-0,77%"
"14.03.2017","157,42","159,50","160,75","157,02","59,20M","-0,94%"
"13.03.2017","158,92","157,49","159,87","155,86","34,09M","0,90%"
"10.03.2017","157,50","157,32","159,40","155,55","51,30M","0,83%"
"09.03.2017","156,20","159,22","160,84","155,23","63,70M","-2,97%"
"07.03.2017","160,98","162,41","162,41","158,90","44,87M","-0,63%"
"06.03.2017","162,00","164,50","165,99","162,00","36,85M","-1,46%"
"03.03.2017","164,40","162,95","164,89","161,61","38,24M","0,61%"
"02.03.2017","163,40","161,39","164,30","160,33","65,45M","2,12%"
"01.03.2017","160,00","155,65","160,92","155,65","62,26M","2,56%"
"28.02.2017","156,00","161,05","161,19","155,70","67,92M","-3,08%"
"27.02.2017","160,95","166,01","166,34","160,62","41,95M","-2,76%"
"24.02.2017","165,51","166,53","168,02","165,03","29,70M","-0,24%"
"22.02.2017","165,90","167,50","168,30","164,35","40,66M","-0,66%"
"21.02.2017","167,00","165,11","168,38","164,80","39,65M","0,94%"
"20.02.2017","165,44","166,40","166,69","163,93","26,99M","-0,03%"
"17.02.2017","165,49","166,48","167,12","164,42","32,62M","-0,60%"
"16.02.2017","166,49","164,40","166,50","162,21","44,33M","1,83%"
"15.02.2017","163,50","162,27","165,57","160,00","68,81M","0,49%"
"14.02.2017","162,70","164,99","165,14","162,01","54,47M","-1,21%"
"13.02.2017","164,70","166,05","167,05","163,50","53,03M","-0,48%"
"10.02.2017","165,50","169,05","170,45","165,40","59,34M","-1,95%"
"09.02.2017","168,80","171,91","172,67","167,84","48,73M","-1,40%"
"08.02.2017","171,20","173,20","173,20","170,77","33,31M","-1,31%"
"07.02.2017","173,47","173,00","174,18","171,51","33,51M","0,35%"
"06.02.2017","172,87","174,71","174,98","172,22","33,94M","-0,54%"
"03.02.2017","173,80","173,03","174,19","172,27","34,74M","0,56%"
"02.02.2017","172,83","173,94","174,69","171,95","31,06M","-0,62%"
"01.02.2017","173,90","172,59","174,27","171,75","42,25M","0,99%"
"31.01.2017","172,20","174,37","175,27","172,07","46,49M","-1,37%"
"30.01.2017","174,60","177,50","178,00","174,24","45,94M","-2,41%"
"27.01.2017","178,92","173,89","178,92","173,00","71,12M","2,95%"
"26.01.2017","173,79","170,85","174,39","169,06","56,11M","2,07%"
"25.01.2017","170,26","170,50","171,30","169,50","42,54M","0,01%"
"24.01.2017","170,25","167,37","170,70","167,24","45,40M","2,10%"
"23.01.2017","166,75","167,33","167,33","164,53","36,46M","-0,44%"
"20.01.2017","167,49","166,55","168,19","165,42","32,58M","0,72%"
"19.01.2017","166,30","165,46","166,99","164,69","38,48M","0,64%"
"18.01.2017","165,24","165,90","167,80","164,31","42,48M","-0,45%"
"17.01.2017","165,98","164,67","166,47","163,34","45,97M","0,80%"
"16.01.2017","164,66","165,22","166,80","164,06","37,58M","-0,15%"
"13.01.2017","164,90","168,79","172,39","163,88","85,99M","-2,00%"
"12.01.2017","168,27","170,00","170,65","168,02","49,85M","-0,46%"
"11.01.2017","169,05","171,50","173,05","168,54","52,77M","-1,49%"
"10.01.2017","171,60","168,35","172,30","167,54","58,87M","1,93%"
"09.01.2017","168,35","171,37","172,39","168,05","35,19M","-1,37%"
"06.01.2017","170,69","172,40","173,75","169,50","35,42M","-0,70%"
"05.01.2017","171,90","176,31","177,28","171,54","35,09M","-2,30%"
"04.01.2017","175,95","178,90","179,41","174,23","41,40M","-2,32%"
"03.01.2017","180,12","173,40","181,68","173,00","53,89M","3,97%"
"30.12.2016","173,25","171,70","173,25","170,56","35,43M","1,14%"
"29.12.2016","171,30","170,05","172,22","167,55","49,66M","0,71%"
"28.12.2016","170,10","173,00","173,63","170,10","37,02M","-1,26%"
"27.12.2016","172,27","172,00","172,70","170,50","19,78M","0,17%"
"26.12.2016","171,97","171,30","173,20","171,15","21,22M","0,48%"
"23.12.2016","171,15","169,80","171,76","168,55","37,36M","0,68%"
"22.12.2016","170,00","174,49","175,35","170,00","67,00M","-2,70%"
"21.12.2016","174,71","176,68","185,34","174,65","92,68M","-0,68%"
"20.12.2016","175,90","174,17","176,86","173,03","31,56M","0,92%"
"19.12.2016","174,30","174,76","175,55","173,20","34,21M","0,23%"
"16.12.2016","173,90","175,61","177,04","173,50","50,13M","-0,58%"
"15.12.2016","174,92","171,50","175,39","171,35","75,04M","0,70%"
"14.12.2016","173,70","177,00","177,87","172,37","53,85M","-1,81%"
"13.12.2016","176,90","175,00","177,48","172,06","64,58M","0,86%"
"12.12.2016","175,40","172,00","178,93","171,35","114,40M","3,38%"
"09.12.2016","169,66","169,65","170,87","167,60","74,50M","0,40%"
"08.12.2016","168,98","160,70","168,98","160,67","98,19M","5,65%"
"07.12.2016","159,95","159,82","161,00","158,58","46,91M","0,38%"
"06.12.2016","159,35","161,99","162,94","159,35","47,16M","-1,65%"
"05.12.2016","162,02","158,76","163,23","158,43","56,63M","1,64%"
"02.12.2016","159,40","158,45","159,94","157,10","52,76M","0,44%"
"01.12.2016","158,70","159,99","160,00","157,75","44,38M","0,00%"
"30.11.2016","158,70","158,30","160,13","157,71","62,39M","0,40%"
"29.11.2016","158,07","158,98","160,70","157,60","49,35M","-0,83%"
"28.11.2016","159,40","160,01","161,12","158,43","33,55M","-0,60%"
"25.11.2016","160,36","161,00","163,42","158,94","69,15M","-0,49%"
"24.11.2016","161,15","155,38","161,20","155,30","68,80M","3,81%"
"23.11.2016","155,23","155,44","155,44","154,55","36,37M","0,15%"
"22.11.2016","155,00","153,85","155,68","153,64","68,57M","1,31%"
"21.11.2016","153,00","150,90","153,25","150,90","40,03M","1,97%"
"18.11.2016","150,05","149,99","150,84","149,64","27,29M","0,20%"
"17.11.2016","149,75","149,93","150,95","148,95","37,68M","-0,13%"
"16.11.2016","149,94","150,90","151,88","149,18","35,76M","0,06%"
"15.11.2016","149,85","151,00","152,37","148,75","50,52M","-0,37%"
"14.11.2016","150,40","152,50","152,85","149,17","47,66M","-0,73%"
"11.11.2016","151,51","153,00","153,68","151,44","69,52M","-1,21%"
"10.11.2016","153,36","151,88","155,57","151,84","100,43M","1,54%"
"09.11.2016","151,04","143,00","151,35","142,50","102,39M","3,37%"
"08.11.2016","146,11","144,25","146,33","143,68","37,35M","1,89%"
"07.11.2016","143,40","143,80","144,88","142,55","32,44M","0,46%"
"03.11.2016","142,75","142,80","143,66","141,60","40,34M","0,27%"
"02.11.2016","142,36","144,51","145,64","142,30","60,21M","-2,39%"
"01.11.2016","145,85","147,90","148,98","145,71","44,17M","-1,05%"
"31.10.2016","147,40","148,99","148,99","147,40","27,72M","-1,21%"
"28.10.2016","149,20","149,40","150,08","148,32","22,42M","-0,07%"
"27.10.2016","149,30","150,57","151,62","149,30","28,74M","-0,91%"
"26.10.2016","150,67","151,23","151,70","149,75","35,95M","-0,59%"
"25.10.2016","151,57","149,74","152,23","149,22","36,16M","1,62%"
"24.10.2016","149,15","149,21","150,45","148,94","37,45M","0,49%"
"21.10.2016","148,42","148,01","148,84","147,48","23,33M","0,11%"
"20.10.2016","148,26","148,80","149,00","147,29","34,27M","-0,23%"
"19.10.2016","148,60","148,39","149,20","148,07","31,87M","0,58%"
"18.10.2016","147,74","147,48","148,44","147,02","32,96M","0,87%"
"17.10.2016","146,46","146,50","147,13","145,54","42,62M","-0,18%"
"14.10.2016","146,73","146,65","147,96","146,16","37,12M","0,44%"
"13.10.2016","146,09","148,64","148,65","145,76","52,84M","-2,08%"
"12.10.2016","149,20","151,20","151,59","148,81","35,37M","-1,39%"
"11.10.2016","151,30","150,89","152,44","150,51","46,39M","0,02%"
"10.10.2016","151,27","149,33","151,30","148,36","37,51M","1,70%"
"07.10.2016","148,74","149,60","150,50","147,89","49,44M","-0,11%"
"06.10.2016","148,90","148,34","149,69","147,55","32,72M","0,64%"
"05.10.2016","147,95","148,14","148,40","146,30","37,99M","-0,10%"
"04.10.2016","148,10","149,10","149,12","146,21","46,49M","-0,52%"
"03.10.2016","148,87","146,00","148,87","145,75","47,99M","2,43%"
"30.09.2016","145,34","147,00","147,00","144,60","58,04M","-2,11%"
"29.09.2016","148,47","150,20","150,88","148,05","56,73M","0,88%"
"28.09.2016","147,18","148,12","149,34","146,71","40,32M","-0,24%"
"27.09.2016","147,53","149,55","149,69","147,28","40,48M","-1,05%"
"26.09.2016","149,10","149,90","152,45","148,70","52,08M","-1,58%"
"23.09.2016","151,50","153,73","153,76","150,13","51,20M","-1,74%"
"22.09.2016","154,18","152,54","154,50","151,62","66,19M","2,33%"
"21.09.2016","150,67","149,85","151,54","149,72","43,83M","0,92%"
"20.09.2016","149,30","148,12","149,40","147,04","35,20M","0,43%"
"19.09.2016","148,66","148,80","149,91","148,07","38,99M","1,13%"
"16.09.2016","147,00","149,30","149,68","147,00","49,93M","-1,43%"
"15.09.2016","149,14","150,51","150,78","148,06","45,15M","-1,14%"
"14.09.2016","150,86","149,85","151,55","149,35","38,73M","0,71%"
"13.09.2016","149,80","151,50","152,10","149,25","36,18M","-1,08%"
"12.09.2016","151,43","149,73","151,69","148,65","56,12M","-0,11%"
"09.09.2016","151,60","152,71","152,84","151,22","33,79M","-1,21%"
"08.09.2016","153,45","155,23","156,25","152,67","64,75M","-0,57%"
"07.09.2016","154,33","150,95","155,03","150,92","95,30M","2,45%"
"06.09.2016","150,64","149,80","150,81","149,06","60,20M","0,76%"
"05.09.2016","149,50","147,50","149,60","147,09","59,60M","1,78%"
"02.09.2016","146,88","144,45","147,09","143,82","53,85M","1,82%"
"01.09.2016","144,25","143,96","144,78","143,60","41,96M","0,52%"
"31.08.2016","143,50","143,20","144,05","142,55","45,31M","0,22%"
"30.08.2016","143,18","143,58","145,30","143,18","50,50M","-0,26%"
"29.08.2016","143,55","144,47","144,47","142,51","45,66M","-1,17%"
"26.08.2016","145,25","143,20","145,60","143,20","75,20M","1,69%"
"25.08.2016","142,84","139,99","142,90","139,67","76,08M","2,39%"
"24.08.2016","139,50","139,70","140,50","138,52","46,47M","-0,61%"
"23.08.2016","140,35","137,00","140,48","136,90","59,22M","2,17%"
"22.08.2016","137,37","135,15","137,47","134,60","47,53M","1,16%"
"19.08.2016","135,80","137,70","137,70","135,52","42,60M","-0,88%"
"18.08.2016","137,00","138,72","140,14","136,20","62,19M","-1,04%"
"17.08.2016","138,44","138,20","138,80","137,17","42,75M","0,25%"
"16.08.2016","138,10","139,50","141,08","138,03","64,98M","-1,00%"
"15.08.2016","139,50","140,25","140,49","138,86","40,25M","0,04%"
"12.08.2016","139,45","140,20","141,39","139,10","44,41M","-0,18%"
"11.08.2016","139,70","138,16","139,74","137,68","38,36M","1,01%"
"10.08.2016","138,30","139,20","139,80","138,14","36,21M","-0,65%"
"09.08.2016","139,20","139,21","140,25","137,85","52,33M","-0,18%"
"08.08.2016","139,45","139,01","140,10","138,00","43,54M","0,55%"
"05.08.2016","138,69","137,48","138,89","137,31","44,50M","1,13%"
"04.08.2016","137,14","136,47","137,60","136,02","41,61M","1,04%"
"03.08.2016","135,73","134,73","136,20","134,27","46,79M","0,50%"
"02.08.2016","135,06","138,45","138,60","135,00","57,23M","-2,50%"
"01.08.2016","138,52","140,00","141,21","137,59","47,15M","-0,45%"
"29.07.2016","139,15","136,57","139,81","135,93","59,19M","1,68%"
"28.07.2016","136,85","137,00","137,34","134,82","56,41M","-0,04%"
"27.07.2016","136,90","136,10","137,60","135,20","62,46M","0,85%"
"26.07.2016","135,75","136,20","136,70","133,33","65,11M","-0,18%"
"25.07.2016","136,00","138,20","138,66","135,50","47,09M","-1,31%"
"22.07.2016","137,80","137,86","138,87","137,57","33,62M","-0,51%"
"21.07.2016","138,50","139,30","139,85","137,80","32,42M","-0,05%"
"20.07.2016","138,57","139,55","140,00","137,41","63,45M","-0,65%"
"19.07.2016","139,47","139,75","141,10","138,42","53,22M","-0,33%"
"18.07.2016","139,93","138,43","139,93","137,90","46,93M","1,31%"
"15.07.2016","138,12","139,39","139,74","137,25","53,55M","-1,34%"
"14.07.2016","140,00","140,00","140,65","137,57","61,35M","0,43%"
"13.07.2016","139,40","140,29","141,35","137,88","85,67M","-0,71%"
"12.07.2016","140,40","137,55","140,47","136,90","63,80M","2,33%"
"11.07.2016","137,20","134,92","137,77","134,52","69,84M","2,08%"
"08.07.2016","134,41","130,63","134,49","130,35","75,76M","1,98%"
"07.07.2016","131,80","130,49","133,50","130,02","77,52M","1,89%"
"06.07.2016","129,36","131,51","132,04","127,85","70,46M","-1,89%"
"05.07.2016","131,85","133,90","133,90","131,73","44,24M","-2,04%"
"04.07.2016","134,60","134,65","135,84","133,80","37,97M","0,56%"
"01.07.2016","133,85","133,38","134,34","131,55","64,56M","0,64%"
"30.06.2016","133,00","133,65","135,34","131,14","86,96M","-0,66%"
"29.06.2016","133,88","130,63","133,95","129,82","67,22M","3,33%"
"28.06.2016","129,57","127,85","129,71","125,70","91,29M","2,67%"
"27.06.2016","126,20","133,90","134,83","125,35","117,45M","-5,40%"
"24.06.2016","133,40","131,50","133,50","129,12","107,41M","-3,33%"
"23.06.2016","138,00","134,42","138,28","133,89","55,16M","2,37%"
"22.06.2016","134,81","134,61","135,79","133,51","45,46M","1,06%"
"21.06.2016","133,39","132,10","133,43","129,94","52,41M","0,95%"
"20.06.2016","132,13","132,45","133,48","131,20","47,92M","2,67%"
"17.06.2016","128,70","128,66","130,75","128,49","66,80M","1,26%"
"16.06.2016","127,10","129,00","129,24","125,85","67,17M","-2,15%"
"15.06.2016","129,89","126,90","130,23","126,61","80,32M","2,21%"
"14.06.2016","127,08","131,22","132,37","126,15","109,39M","-4,81%"
"10.06.2016","133,50","137,80","137,94","133,35","64,57M","-4,38%"
"09.06.2016","139,61","139,90","140,71","137,07","56,60M","0,16%"
"08.06.2016","139,39","141,12","142,00","137,44","88,54M","-0,41%"
"07.06.2016","139,97","134,50","139,97","134,02","101,21M","4,46%"
"06.06.2016","133,99","132,08","134,74","132,00","48,67M","1,82%"
"03.06.2016","131,59","133,07","134,44","131,04","68,20M","-0,54%"
"02.06.2016","132,30","131,51","133,08","130,51","63,95M","0,72%"
"01.06.2016","131,36","132,36","133,21","131,31","64,17M","-0,91%"
"31.05.2016","132,56","134,79","135,98","132,56","93,36M","-1,41%"
"30.05.2016","134,45","133,51","135,08","132,55","37,58M","0,94%"
"27.05.2016","133,20","131,62","134,79","131,35","87,18M","0,79%"
"26.05.2016","132,16","128,54","133,05","126,90","125,31M","3,35%"
"25.05.2016","127,87","124,45","128,55","124,41","114,07M","3,54%"
"24.05.2016","123,50","121,45","124,07","121,35","56,90M","1,64%"
"23.05.2016","121,51","121,30","122,20","120,12","56,41M","-0,32%"
"20.05.2016","121,90","121,83","122,47","120,80","54,01M","1,16%"
"19.05.2016","120,50","121,96","122,17","120,30","72,44M","-2,13%"
"18.05.2016","123,12","122,49","123,54","121,83","50,05M","0,33%"
"17.05.2016","122,71","122,85","123,27","120,60","72,51M","0,09%"
"16.05.2016","122,60","122,20","123,62","121,63","59,17M","1,26%"
"13.05.2016","121,07","121,50","121,95","119,69","63,73M","-0,11%"
"12.05.2016","121,20","123,46","124,38","121,01","82,20M","-1,82%"
"11.05.2016","123,45","120,01","123,62","119,57","85,40M","3,26%"
"10.05.2016","119,55","119,80","121,35","118,57","66,14M","-0,90%"
"06.05.2016","120,64","120,27","120,86","118,41","70,32M","-0,23%"
"05.05.2016","120,92","121,46","122,30","120,40","56,07M","-0,03%"
"04.05.2016","120,96","121,50","122,39","119,31","84,92M","-2,10%"
"29.04.2016","123,55","124,43","125,78","122,00","102,85M","-0,68%"
"28.04.2016","124,39","121,31","124,39","120,00","86,15M","2,97%"
"27.04.2016","120,80","120,25","122,37","119,57","90,78M","0,92%"
"26.04.2016","119,70","119,98","119,98","116,75","87,58M","-0,32%"
"25.04.2016","120,08","121,01","121,51","119,60","67,35M","-0,96%"
"22.04.2016","121,25","119,68","121,39","117,90","103,03M","1,75%"
"21.04.2016","119,17","124,99","125,55","118,20","181,99M","-3,70%"
"20.04.2016","123,75","120,50","123,97","119,90","104,45M","1,85%"
"19.04.2016","121,50","118,90","123,35","118,78","137,83M","2,79%"
"18.04.2016","118,20","117,12","118,20","116,01","91,83M","-0,92%"
"15.04.2016","119,30","118,95","119,91","118,11","70,46M","0,00%"
"14.04.2016","119,30","119,01","119,55","117,89","87,99M","-0,17%"
"13.04.2016","119,50","118,10","119,95","117,35","103,45M","1,31%"
"12.04.2016","117,95","117,27","119,39","115,82","121,03M","0,51%"
"11.04.2016","117,35","113,00","117,85","112,62","150,71M","3,92%"
"08.04.2016","112,92","108,98","113,30","108,56","124,45M","4,06%"
"07.04.2016","108,51","108,99","109,38","107,62","80,30M","0,47%"
"06.04.2016","108,00","107,63","108,30","107,05","75,58M","1,06%"
"05.04.2016","106,87","107,24","107,64","106,00","75,66M","-1,23%"
"04.04.2016","108,20","108,21","109,69","107,10","80,46M","-0,29%"
"01.04.2016","108,52","109,30","109,40","107,01","101,28M","-1,26%"
"31.03.2016","109,90","108,72","110,59","107,32","106,59M","0,69%"
"30.03.2016","109,15","107,98","109,91","107,52","84,47M","1,96%"
"29.03.2016","107,05","107,91","108,44","105,35","86,84M","-0,99%"
"28.03.2016","108,12","110,00","110,11","107,69","50,13M","-0,90%"
"25.03.2016","109,10","108,62","109,50","108,62","32,98M","0,96%"
"24.03.2016","108,06","108,59","109,29","107,05","93,44M","-0,95%"
"23.03.2016","109,10","111,27","112,10","108,70","104,19M","-2,14%"
"22.03.2016","111,49","112,27","114,19","111,00","107,53M","-0,52%"
"21.03.2016","112,07","111,50","112,92","110,50","115,57M","-0,29%"
"18.03.2016","112,40","109,59","112,50","108,91","134,63M","2,68%"
"17.03.2016","109,47","107,80","109,49","107,70","93,00M","2,31%"
"16.03.2016","107,00","107,20","107,27","106,12","75,84M","0,51%"
"15.03.2016","106,46","109,60","110,29","106,09","127,04M","-2,56%"
"14.03.2016","109,26","109,28","109,56","108,40","66,48M","0,00%"
"11.03.2016","109,26","109,20","109,95","108,55","61,33M","0,39%"
"10.03.2016","108,84","108,26","109,90","107,67","94,99M","0,64%"
"09.03.2016","108,15","108,99","109,07","107,50","72,42M","-1,21%"
"07.03.2016","109,47","109,62","110,20","108,57","75,02M","0,44%"
"04.03.2016","108,99","107,70","109,02","106,70","84,29M","1,87%"
"03.03.2016","106,99","106,70","107,63","105,40","80,19M","0,82%"
"02.03.2016","106,12","109,00","109,20","106,10","97,92M","-1,98%"
"01.03.2016","108,26","107,50","108,79","106,42","114,86M","1,18%"
"29.02.2016","107,00","105,50","107,38","104,81","91,80M","0,72%"
"26.02.2016","106,24","105,00","107,15","104,83","144,09M","2,10%"
"25.02.2016","104,05","102,65","104,35","101,51","110,33M","1,91%"
"24.02.2016","102,10","102,00","102,70","100,79","89,14M","-1,07%"
"22.02.2016","103,20","102,57","104,39","102,39","66,19M","0,79%"
"20.02.2016","102,39","101,61","102,60","101,50","18,17M","0,88%"
"19.02.2016","101,50","101,99","103,57","101,00","171,60M","-1,17%"
"18.02.2016","102,70","99,90","102,80","99,75","125,65M","3,53%"
"17.02.2016","99,20","96,51","99,38","96,05","114,84M","2,79%"
"16.02.2016","96,51","95,99","97,28","95,70","114,94M","1,32%"
"15.02.2016","95,25","96,00","96,37","94,93","68,61M","0,42%"
"12.02.2016","94,85","95,14","95,67","94,18","79,44M","0,69%"
"11.02.2016","94,20","95,71","96,10","93,05","115,37M","-2,23%"
"10.02.2016","96,35","93,50","96,77","93,16","111,48M","2,62%"
"09.02.2016","93,89","94,00","95,63","92,70","121,34M","-0,86%"
"08.02.2016","94,70","97,05","97,86","93,85","106,21M","-2,57%"
"05.02.2016","97,20","97,01","97,98","96,35","81,43M","-0,38%"
"04.02.2016","97,57","98,56","98,56","96,71","122,05M","3,22%"
"03.02.2016","94,53","93,91","96,89","93,71","112,70M","0,14%"
"02.02.2016","94,40","95,70","97,07","93,75","129,00M","-2,18%"
"01.02.2016","96,50","96,27","97,49","95,29","89,62M","0,00%"
"29.01.2016","96,50","97,47","98,70","95,12","165,40M","-0,20%"
"28.01.2016","96,69","95,77","97,28","94,33","179,56M","0,98%"
"27.01.2016","95,75","91,98","96,26","91,47","150,82M","4,64%"
"26.01.2016","91,50","89,06","91,76","88,74","105,38M","0,55%"
"25.01.2016","91,00","92,55","93,35","90,00","131,78M","-0,55%"
"22.01.2016","91,50","88,97","92,28","87,62","207,69M","6,40%"
"21.01.2016","86,00","84,25","87,15","83,27","143,86M","2,59%"
"20.01.2016","83,83","84,89","85,19","82,20","134,62M","-3,29%"
"19.01.2016","86,68","87,39","89,70","85,76","114,04M","0,62%"
"18.01.2016","86,15","86,01","88,28","85,10","100,57M","-1,28%"
"15.01.2016","87,27","92,44","92,95","86,85","133,79M","-6,20%"
"14.01.2016","93,04","91,00","93,15","90,37","81,18M","1,68%"
"13.01.2016","91,50","92,75","93,88","91,25","74,17M","-0,23%"
"12.01.2016","91,71","89,09","92,88","88,52","110,11M","0,75%"
"11.01.2016","91,03","93,61","94,89","91,01","86,12M","-6,01%"
"06.01.2016","96,85","98,70","99,56","96,83","40,71M","-2,06%"
"05.01.2016","98,89","97,88","99,24","97,16","49,07M","0,90%"
"04.01.2016","98,01","101,00","101,78","97,94","51,26M","-3,21%"